Workbook

Sheet resultados
A1: iteracion | B1: hora_fin | C1: duracion_s | D1: duracion_min | E1: ids_ajuste | F1: ids_validacion | G1: nombres_ajuste | H1: nombres_validacion | I1: costo_ajuste | J1: costo_validacion | K1: costo_total | L1: stop_reason | M1: stop_iteration | N1: final_ratio | O1: mu0 | P1: betaG0 | Q1: betaF0 | R1: Kn0 | S1: Kg0 | T1: Kf0 | U1: Kig0 | V1: Kie0 | W1: Kd0 | X1: Yxn | Y1: Yxg | Z1: Yxf | AA1: Yeg | AB1: Yef
A2: 1 | B2: 2026-04-13 22:17:35 | C2: 21355.62 | D2: 355.927 | E2: 1,3,4,5,6,7,10,12,13,14,15,16 | F2: 2,8,9,11 | G2: Data CS 24 EL BOLDO estanque 30.xlsx | Data CS 25 EL BOLDO estanque 55.xlsx | Data CS 25 LOU estanque 61.xlsx | Data SY 24 LOU+VAL+FN estanque 36.xlsx | Data SY 24 VAL+STARAQ estanque 56.xlsx | Data SY 24 LOU estanque 62.xlsx | Data ME 24 QAGUA estanque 54.xlsx | Data ME 25 STA MARTA estanque 62.xlsx | Data CA 24 VAL estanque 31.xlsx | Data CA 24 VAL estanque 59.xlsx | Data CA 24 VAL estanque 62.xlsx | Data CA 25 F.N. estanque 68.xlsx | H2: Data CS 24 LOU estanque 54.xlsx | Data SY 25 LOU estanque 30.xlsx | Data ME 25 Q. AGUA estanque 85.xlsx | Data ME 25 AURORA + STA MARTA estanque 57.xlsx | I2: 0.41818311 | J2: 0.24043369 | K2: 0.6586168 | L2: max_epoch | M2: 1001 | N2: 0.001903225 | O2: 0.29541193 | P2: 1.080712 | Q2: 4.153415 | R2: 0.009647 | S2: 8.551854 | T2: 7.16565 | U2: 44.15067 | V2: 42.528284 | W2: 0.0001 | X2: 1.7450391 | Y2: 7.3891879 | Z2: 1.642634 | AA2: 0.16193672 | AB2: 0.72451862
A3: 2 | B3: 2026-04-13 18:59:29 | C3: 9469.7948 | D3: 157.82991 | E3: 1,2,3,5,7,8,11,12,13,14,15,16 | F3: 4,6,9,10 | G3: Data CS 24 EL BOLDO estanque 30.xlsx | Data CS 24 LOU estanque 54.xlsx | Data CS 25 EL BOLDO estanque 55.xlsx | Data SY 24 LOU+VAL+FN estanque 36.xlsx | Data SY 24 LOU estanque 62.xlsx | Data SY 25 LOU estanque 30.xlsx | Data ME 25 AURORA + STA MARTA estanque 57.xlsx | Data ME 25 STA MARTA estanque 62.xlsx | Data CA 24 VAL estanque 31.xlsx | Data CA 24 VAL estanque 59.xlsx | Data CA 24 VAL estanque 62.xlsx | Data CA 25 F.N. estanque 68.xlsx | H3: Data CS 25 LOU estanque 61.xlsx | Data SY 24 VAL+STARAQ estanque 56.xlsx | Data ME 25 Q. AGUA estanque 85.xlsx | Data ME 24 QAGUA estanque 54.xlsx | I3: 0.39086696 | J3: 0.16286838 | K3: 0.55373534 | L3: max_epoch | M3: 284 | N3: 0.00077359624 | O3: 0.29701453 | P3: 2.512098 | Q3: 2.7799607 | R3: 0.009647 | S3: 8.551854 | T3: 7.16565 | U3: 44.15067 | V3: 42.528284 | W3: 0.0001 | X3: 1.7117584 | Y3: 9.0852136 | Z3: 1.642634 | AA3: 0.38987209 | AB3: 0.45174708
A4: 3 | B4: 2026-04-13 17:07:09 | C4: 2729.8337 | D4: 45.497228 | E4: 1,2,4,5,7,9,11,12,13,14,15,16 | F4: 3,6,8,10 | G4: Data CS 24 EL BOLDO estanque 30.xlsx | Data CS 24 LOU estanque 54.xlsx | Data CS 25 LOU estanque 61.xlsx | Data SY 24 LOU+VAL+FN estanque 36.xlsx | Data SY 24 LOU estanque 62.xlsx | Data ME 25 Q. AGUA estanque 85.xlsx | Data ME 25 AURORA + STA MARTA estanque 57.xlsx | Data ME 25 STA MARTA estanque 62.xlsx | Data CA 24 VAL estanque 31.xlsx | Data CA 24 VAL estanque 59.xlsx | Data CA 24 VAL estanque 62.xlsx | Data CA 25 F.N. estanque 68.xlsx | H4: Data CS 25 EL BOLDO estanque 55.xlsx | Data SY 24 VAL+STARAQ estanque 56.xlsx | Data SY 25 LOU estanque 30.xlsx | Data ME 24 QAGUA estanque 54.xlsx | I4: 0.32545208 | J4: 0.44128851 | K4: 0.76674059 | L4: max_epoch | M4: 159 | N4: 0.00090799214 | O4: 0.53377357 | P4: 2.2854026 | Q4: 5.9972106 | R4: 0.009647 | S4: 8.551854 | T4: 7.16565 | U4: 44.15067 | V4: 42.528284 | W4: 0.0001 | X4: 0.86788189 | Y4: 8.955823 | Z4: 1.642634 | AA4: 0.23209247 | AB4: 0.71824018
A5: 4 | B5: 2026-04-13 21:16:14 | C5: 17674.715 | D5: 294.57858 | E5: 1,3,4,5,6,7,9,10,12,13,14,16 | F5: 2,8,11,15 | G5: Data CS 24 EL BOLDO estanque 30.xlsx | Data CS 25 EL BOLDO estanque 55.xlsx | Data CS 25 LOU estanque 61.xlsx | Data SY 24 LOU+VAL+FN estanque 36.xlsx | Data SY 24 VAL+STARAQ estanque 56.xlsx | Data SY 24 LOU estanque 62.xlsx | Data ME 25 Q. AGUA estanque 85.xlsx | Data ME 24 QAGUA estanque 54.xlsx | Data ME 25 STA MARTA estanque 62.xlsx | Data CA 24 VAL estanque 31.xlsx | Data CA 24 VAL estanque 59.xlsx | Data CA 25 F.N. estanque 68.xlsx | H5: Data CS 24 LOU estanque 54.xlsx | Data SY 25 LOU estanque 30.xlsx | Data ME 25 AURORA + STA MARTA estanque 57.xlsx | Data CA 24 VAL estanque 62.xlsx | I5: 0.46792844 | J5: 0.2534725 | K5: 0.72140094 | L5: max_epoch | M5: 667 | N5: 0.00095179067 | O5: 0.47138958 | P5: 2.4497702 | Q5: 4.9885568 | R5: 0.009647 | S5: 8.551854 | T5: 7.16565 | U5: 44.15067 | V5: 42.528284 | W5: 0.0001 | X5: 1.0386092 | Y5: 4.5778056 | Z5: 1.642634 | AA5: 0.2618661 | AB5: 0.63704131
A6: 5 | B6: 2026-04-13 17:09:39 | C6: 2880.0721 | D6: 48.001201 | E6: 2,3,4,5,8,10,11,12,13,14,15,16 | F6: 1,6,7,9 | G6: Data CS 24 LOU estanque 54.xlsx | Data CS 25 EL BOLDO estanque 55.xlsx | Data CS 25 LOU estanque 61.xlsx | Data SY 24 LOU+VAL+FN estanque 36.xlsx | Data SY 25 LOU estanque 30.xlsx | Data ME 24 QAGUA estanque 54.xlsx | Data ME 25 AURORA + STA MARTA estanque 57.xlsx | Data ME 25 STA MARTA estanque 62.xlsx | Data CA 24 VAL estanque 31.xlsx | Data CA 24 VAL estanque 59.xlsx | Data CA 24 VAL estanque 62.xlsx | Data CA 25 F.N. estanque 68.xlsx | H6: Data CS 24 EL BOLDO estanque 30.xlsx | Data SY 24 VAL+STARAQ estanque 56.xlsx | Data SY 24 LOU estanque 62.xlsx | Data ME 25 Q. AGUA estanque 85.xlsx | I6: 0.44298733 | J6: 0.18470487 | K6: 0.6276922 | L6: max_epoch | M6: 129 | N6: 0.00029145484 | O6: 0.34319683 | P6: 3.19702 | Q6: 4.1723472 | R6: 0.009647 | S6: 8.551854 | T6: 7.16565 | U6: 44.15067 | V6: 42.528284 | W6: 0.0001 | X6: 1.1083236 | Y6: 4.2278487 | Z6: 1.642634 | AA6: 0.35820069 | AB6: 0.48659237
A7: 6 | B7: 2026-04-13 18:31:27 | C7: 5058.116 | D7: 84.301933 | E7: 1,2,4,6,7,8,9,10,12,13,14,15 | F7: 3,5,11,16 | G7: Data CS 24 EL BOLDO estanque 30.xlsx | Data CS 24 LOU estanque 54.xlsx | Data CS 25 LOU estanque 61.xlsx | Data SY 24 VAL+STARAQ estanque 56.xlsx | Data SY 24 LOU estanque 62.xlsx | Data SY 25 LOU estanque 30.xlsx | Data ME 25 Q. AGUA estanque 85.xlsx | Data ME 24 QAGUA estanque 54.xlsx | Data ME 25 STA MARTA estanque 62.xlsx | Data CA 24 VAL estanque 31.xlsx | Data CA 24 VAL estanque 59.xlsx | Data CA 24 VAL estanque 62.xlsx | H7: Data CS 25 EL BOLDO estanque 55.xlsx | Data SY 24 LOU+VAL+FN estanque 36.xlsx | Data ME 25 AURORA + STA MARTA estanque 57.xlsx | Data CA 25 F.N. estanque 68.xlsx | I7: 0.41332726 | J7: 0.14579767 | K7: 0.55912493 | L7: max_epoch | M7: 168 | N7: 0.00099516733 | O7: 0.3807996 | P7: 2.3209379 | Q7: 1.822644 | R7: 0.009647 | S7: 8.551854 | T7: 7.16565 | U7: 44.15067 | V7: 42.528284 | W7: 0.0001 | X7: 2.5293172 | Y7: 7.8987417 | Z7: 1.642634 | AA7: 0.38652556 | AB7: 0.55338557
A8: 7 | B8: 2026-04-13 18:28:54 | C8: 4754.6665 | D8: 79.244442 | E8: 1,2,3,5,6,8,9,10,11,12,14,15 | F8: 4,7,13,16 | G8: Data CS 24 EL BOLDO estanque 30.xlsx | Data CS 24 LOU estanque 54.xlsx | Data CS 25 EL BOLDO estanque 55.xlsx | Data SY 24 LOU+VAL+FN estanque 36.xlsx | Data SY 24 VAL+STARAQ estanque 56.xlsx | Data SY 25 LOU estanque 30.xlsx | Data ME 25 Q. AGUA estanque 85.xlsx | Data ME 24 QAGUA estanque 54.xlsx | Data ME 25 AURORA + STA MARTA estanque 57.xlsx | Data ME 25 STA MARTA estanque 62.xlsx | Data CA 24 VAL estanque 59.xlsx | Data CA 24 VAL estanque 62.xlsx | H8: Data CS 25 LOU estanque 61.xlsx | Data SY 24 LOU estanque 62.xlsx | Data CA 24 VAL estanque 31.xlsx | Data CA 25 F.N. estanque 68.xlsx | I8: 0.28683008 | J8: 0.15604918 | K8: 0.44287926 | L8: max_epoch | M8: 109 | N8: 0.00097137239 | O8: 0.14208752 | P8: 0.45990587 | Q8: 5.4681484 | R8: 0.009647 | S8: 8.551854 | T8: 7.16565 | U8: 44.15067 | V8: 42.528284 | W8: 0.0001 | X8: 4.2052763 | Y8: 7.6599111 | Z8: 1.642634 | AA8: 0.28336809 | AB8: 0.51141453
A9: 8 | B9: 2026-04-13 18:54:12 | C9: 1518.2898 | D9: 25.30483 | E9: 3,4,5,7,8,9,10,11,12,13,14,16 | F9: 1,2,6,15 | G9: Data CS 25 EL BOLDO estanque 55.xlsx | Data CS 25 LOU estanque 61.xlsx | Data SY 24 LOU+VAL+FN estanque 36.xlsx | Data SY 24 LOU estanque 62.xlsx | Data SY 25 LOU estanque 30.xlsx | Data ME 25 Q. AGUA estanque 85.xlsx | Data ME 24 QAGUA estanque 54.xlsx | Data ME 25 AURORA + STA MARTA estanque 57.xlsx | Data ME 25 STA MARTA estanque 62.xlsx | Data CA 24 VAL estanque 31.xlsx | Data CA 24 VAL estanque 59.xlsx | Data CA 25 F.N. estanque 68.xlsx | H9: Data CS 24 EL BOLDO estanque 30.xlsx | Data CS 24 LOU estanque 54.xlsx | Data SY 24 VAL+STARAQ estanque 56.xlsx | Data CA 24 VAL estanque 62.xlsx | I9: 0.499009 | J9: 0.30438805 | K9: 0.80339704 | L9: max_epoch | M9: 110 | N9: 0.00099536872 | O9: 0.46584535 | P9: 2.2952486 | Q9: 4.961686 | R9: 0.009647 | S9: 8.551854 | T9: 7.16565 | U9: 44.15067 | V9: 42.528284 | W9: 0.0001 | X9: 1.1011024 | Y9: 4.8738253 | Z9: 1.642634 | AA9: 0.28145822 | AB9: 0.60336356
A10: 9 | B10: 2026-04-13 20:07:52 | C10: 5784.8808 | D10: 96.41468 | E10: 2,3,4,5,6,7,8,9,11,13,15,16 | F10: 1,10,12,14 | G10: Data CS 24 LOU estanque 54.xlsx | Data CS 25 EL BOLDO estanque 55.xlsx | Data CS 25 LOU estanque 61.xlsx | Data SY 24 LOU+VAL+FN estanque 36.xlsx | Data SY 24 VAL+STARAQ estanque 56.xlsx | Data SY 24 LOU estanque 62.xlsx | Data SY 25 LOU estanque 30.xlsx | Data ME 25 Q. AGUA estanque 85.xlsx | Data ME 25 AURORA + STA MARTA estanque 57.xlsx | Data CA 24 VAL estanque 31.xlsx | Data CA 24 VAL estanque 62.xlsx | Data CA 25 F.N. estanque 68.xlsx | H10: Data CS 24 EL BOLDO estanque 30.xlsx | Data ME 24 QAGUA estanque 54.xlsx | Data ME 25 STA MARTA estanque 62.xlsx | Data CA 24 VAL estanque 59.xlsx | I10: 0.49532059 | J10: 0.17181559 | K10: 0.66713618 | L10: max_epoch | M10: 186 | N10: 0.00099378173 | O10: 0.24934893 | P10: 2.3728048 | Q10: 5.341306 | R10: 0.009647 | S10: 8.551854 | T10: 7.16565 | U10: 44.15067 | V10: 42.528284 | W10: 0.0001 | X10: 1.3113275 | Y10: 8.2483747 | Z10: 1.642634 | AA10: 0.39278548 | AB10: 0.41439551
A11: 10 | B11: 2026-04-13 20:33:50 | C11: 5977.5399 | D11: 99.625665 | E11: 1,2,3,4,5,9,10,11,13,14,15,16 | F11: 6,7,8,12 | G11: Data CS 24 EL BOLDO estanque 30.xlsx | Data CS 24 LOU estanque 54.xlsx | Data CS 25 EL BOLDO estanque 55.xlsx | Data CS 25 LOU estanque 61.xlsx | Data SY 24 LOU+VAL+FN estanque 36.xlsx | Data ME 25 Q. AGUA estanque 85.xlsx | Data ME 24 QAGUA estanque 54.xlsx | Data ME 25 AURORA + STA MARTA estanque 57.xlsx | Data CA 24 VAL estanque 31.xlsx | Data CA 24 VAL estanque 59.xlsx | Data CA 24 VAL estanque 62.xlsx | Data CA 25 F.N. estanque 68.xlsx | H11: Data SY 24 VAL+STARAQ estanque 56.xlsx | Data SY 24 LOU estanque 62.xlsx | Data SY 25 LOU estanque 30.xlsx | Data ME 25 STA MARTA estanque 62.xlsx | I11: 0.32648786 | J11: 0.46642786 | K11: 0.79291572 | L11: max_epoch | M11: 380 | N11: 0.00098392611 | O11: 0.47046041 | P11: 3.1500029 | Q11: 6.6728979 | R11: 0.009647 | S11: 8.551854 | T11: 7.16565 | U11: 44.15067 | V11: 42.528284 | W11: 0.0001 | X11: 0.69129641 | Y11: 3.7029883 | Z11: 1.642634 | AA11: 0.28570996 | AB11: 0.60088437
A12: 11 | B12: 2026-04-13 20:40:39 | C12: 6070.3808 | D12: 101.17301 | E12: 1,2,4,5,9,10,11,12,13,14,15,16 | F12: 3,6,7,8 | G12: Data CS 24 EL BOLDO estanque 30.xlsx | Data CS 24 LOU estanque 54.xlsx | Data CS 25 LOU estanque 61.xlsx | Data SY 24 LOU+VAL+FN estanque 36.xlsx | Data ME 25 Q. AGUA estanque 85.xlsx | Data ME 24 QAGUA estanque 54.xlsx | Data ME 25 AURORA + STA MARTA estanque 57.xlsx | Data ME 25 STA MARTA estanque 62.xlsx | Data CA 24 VAL estanque 31.xlsx | Data CA 24 VAL estanque 59.xlsx | Data CA 24 VAL estanque 62.xlsx | Data CA 25 F.N. estanque 68.xlsx | H12: Data CS 25 EL BOLDO estanque 55.xlsx | Data SY 24 VAL+STARAQ estanque 56.xlsx | Data SY 24 LOU estanque 62.xlsx | Data SY 25 LOU estanque 30.xlsx | I12: 0.28361816 | J12: 0.47687191 | K12: 0.76049007 | L12: max_epoch | M12: 395 | N12: 0.00098188086 | O12: 0.47174085 | P12: 1.1025876 | Q12: 4.3915125 | R12: 0.009647 | S12: 8.551854 | T12: 7.16565 | U12: 44.15067 | V12: 42.528284 | W12: 0.0001 | X12: 1.5965605 | Y12: 4.8033791 | Z12: 1.642634 | AA12: 0.17081215 | AB12: 0.83466198
A13: 12 | B13: 2026-04-13 21:35:45 | C13: 5272.4777 | D13: 87.874628 | E13: 1,2,4,5,6,8,9,11,13,14,15,16 | F13: 3,7,10,12 | G13: Data CS 24 EL BOLDO estanque 30.xlsx | Data CS 24 LOU estanque 54.xlsx | Data CS 25 LOU estanque 61.xlsx | Data SY 24 LOU+VAL+FN estanque 36.xlsx | Data SY 24 VAL+STARAQ estanque 56.xlsx | Data SY 25 LOU estanque 30.xlsx | Data ME 25 Q. AGUA estanque 85.xlsx | Data ME 25 AURORA + STA MARTA estanque 57.xlsx | Data CA 24 VAL estanque 31.xlsx | Data CA 24 VAL estanque 59.xlsx | Data CA 24 VAL estanque 62.xlsx | Data CA 25 F.N. estanque 68.xlsx | H13: Data CS 25 EL BOLDO estanque 55.xlsx | Data SY 24 LOU estanque 62.xlsx | Data ME 24 QAGUA estanque 54.xlsx | Data ME 25 STA MARTA estanque 62.xlsx | I13: 0.44071129 | J13: 0.16438687 | K13: 0.60509817 | L13: max_epoch | M13: 131 | N13: 0.00086547663 | O13: 0.32457732 | P13: 2.3197001 | Q13: 3.3694347 | R13: 0.009647 | S13: 8.551854 | T13: 7.16565 | U13: 44.15067 | V13: 42.528284 | W13: 0.0001 | X13: 1.6920085 | Y13: 3.9739525 | Z13: 1.642634 | AA13: 0.35463824 | AB13: 0.51754436
... A21: 20 | B21: 2026-04-13 22:59:09 | C21: 2005.8897 | D21: 33.431496 | E21: 1,2,3,6,7,9,10,11,12,13,15,16 | F21: 4,5,8,14 | G21: Data CS 24 EL BOLDO estanque 30.xlsx | Data CS 24 LOU estanque 54.xlsx | Data CS 25 EL BOLDO estanque 55.xlsx | Data SY 24 VAL+STARAQ estanque 56.xlsx | Data SY 24 LOU estanque 62.xlsx | Data ME 25 Q. AGUA estanque 85.xlsx | Data ME 24 QAGUA estanque 54.xlsx | Data ME 25 AURORA + STA MARTA estanque 57.xlsx | Data ME 25 STA MARTA estanque 62.xlsx | Data CA 24 VAL estanque 31.xlsx | Data CA 24 VAL estanque 62.xlsx | Data CA 25 F.N. estanque 68.xlsx | H21: Data CS 25 LOU estanque 61.xlsx | Data SY 24 LOU+VAL+FN estanque 36.xlsx | Data SY 25 LOU estanque 30.xlsx | Data CA 24 VAL estanque 59.xlsx | I21: 0.76161981 | J21: 0.2913136 | K21: 1.0529334 | L21: max_epoch | M21: 99 | N21: 0.00080568219 | O21: 0.4268516 | P21: 2.3606356 | Q21: 5.4145115 | R21: 0.009647 | S21: 8.551854 | T21: 7.16565 | U21: 44.15067 | V21: 42.528284 | W21: 0.0001 | X21: 0.91932957 | Y21: 5.7065338 | Z21: 1.642634 | AA21: 0.18600447 | AB21: 4.5117792

Sheet parametros
A1: Iteración | B1: =resultados!O1 -> mu0 | C1: =resultados!P1 -> betaG0 | D1: =resultados!Q1 -> betaF0 | E1: =resultados!R1 -> Kn0 | F1: =resultados!S1 -> Kg0 | G1: =resultados!T1 -> Kf0 | H1: =resultados!U1 -> Kig0 | I1: =resultados!V1 -> Kie0 | ... O1: =resultados!AB1 -> Yef
A2: 1 | B2: =resultados!O2 -> 0.29541193 | C2: =resultados!P2 -> 1.080712 | D2: =resultados!Q2 -> 4.153415 | E2: =resultados!R2 -> 0.009647 | F2: =resultados!S2 -> 8.551854 | G2: =resultados!T2 -> 7.16565 | H2: =resultados!U2 -> 44.15067 | I2: =resultados!V2 -> 42.528284 | ... O2: =resultados!AB2 -> 0.72451862
A3: 2 | B3: =resultados!O3 -> 0.29701453 | C3: =resultados!P3 -> 2.512098 | D3: =resultados!Q3 -> 2.7799607 | E3: =resultados!R3 -> 0.009647 | F3: =resultados!S3 -> 8.551854 | G3: =resultados!T3 -> 7.16565 | H3: =resultados!U3 -> 44.15067 | I3: =resultados!V3 -> 42.528284 | ... O3: =resultados!AB3 -> 0.45174708
A4: 3 | B4: =resultados!O4 -> 0.53377357 | C4: =resultados!P4 -> 2.2854026 | D4: =resultados!Q4 -> 5.9972106 | E4: =resultados!R4 -> 0.009647 | F4: =resultados!S4 -> 8.551854 | G4: =resultados!T4 -> 7.16565 | H4: =resultados!U4 -> 44.15067 | I4: =resultados!V4 -> 42.528284 | ... O4: =resultados!AB4 -> 0.71824018
A5: 4 | B5: =resultados!O5 -> 0.47138958 | C5: =resultados!P5 -> 2.4497702 | D5: =resultados!Q5 -> 4.9885568 | E5: =resultados!R5 -> 0.009647 | F5: =resultados!S5 -> 8.551854 | G5: =resultados!T5 -> 7.16565 | H5: =resultados!U5 -> 44.15067 | I5: =resultados!V5 -> 42.528284 | ... O5: =resultados!AB5 -> 0.63704131
A6: 5 | B6: =resultados!O6 -> 0.34319683 | C6: =resultados!P6 -> 3.19702 | D6: =resultados!Q6 -> 4.1723472 | E6: =resultados!R6 -> 0.009647 | F6: =resultados!S6 -> 8.551854 | G6: =resultados!T6 -> 7.16565 | H6: =resultados!U6 -> 44.15067 | I6: =resultados!V6 -> 42.528284 | ... O6: =resultados!AB6 -> 0.48659237
A7: 6 | B7: =resultados!O7 -> 0.3807996 | C7: =resultados!P7 -> 2.3209379 | D7: =resultados!Q7 -> 1.822644 | E7: =resultados!R7 -> 0.009647 | F7: =resultados!S7 -> 8.551854 | G7: =resultados!T7 -> 7.16565 | H7: =resultados!U7 -> 44.15067 | I7: =resultados!V7 -> 42.528284 | ... O7: =resultados!AB7 -> 0.55338557
A8: 7 | B8: =resultados!O8 -> 0.14208752 | C8: =resultados!P8 -> 0.45990587 | D8: =resultados!Q8 -> 5.4681484 | E8: =resultados!R8 -> 0.009647 | F8: =resultados!S8 -> 8.551854 | G8: =resultados!T8 -> 7.16565 | H8: =resultados!U8 -> 44.15067 | I8: =resultados!V8 -> 42.528284 | ... O8: =resultados!AB8 -> 0.51141453
A9: 8 | B9: =resultados!O9 -> 0.46584535 | C9: =resultados!P9 -> 2.2952486 | D9: =resultados!Q9 -> 4.961686 | E9: =resultados!R9 -> 0.009647 | F9: =resultados!S9 -> 8.551854 | G9: =resultados!T9 -> 7.16565 | H9: =resultados!U9 -> 44.15067 | I9: =resultados!V9 -> 42.528284 | ... O9: =resultados!AB9 -> 0.60336356
A10: 9 | B10: =resultados!O10 -> 0.24934893 | C10: =resultados!P10 -> 2.3728048 | D10: =resultados!Q10 -> 5.341306 | E10: =resultados!R10 -> 0.009647 | F10: =resultados!S10 -> 8.551854 | G10: =resultados!T10 -> 7.16565 | H10: =resultados!U10 -> 44.15067 | I10: =resultados!V10 -> 42.528284 | ... O10: =resultados!AB10 -> 0.41439551
A11: 10 | B11: =resultados!O11 -> 0.47046041 | C11: =resultados!P11 -> 3.1500029 | D11: =resultados!Q11 -> 6.6728979 | E11: =resultados!R11 -> 0.009647 | F11: =resultados!S11 -> 8.551854 | G11: =resultados!T11 -> 7.16565 | H11: =resultados!U11 -> 44.15067 | I11: =resultados!V11 -> 42.528284 | ... O11: =resultados!AB11 -> 0.60088437
A12: 11 | B12: =resultados!O12 -> 0.47174085 | C12: =resultados!P12 -> 1.1025876 | D12: =resultados!Q12 -> 4.3915125 | E12: =resultados!R12 -> 0.009647 | F12: =resultados!S12 -> 8.551854 | G12: =resultados!T12 -> 7.16565 | H12: =resultados!U12 -> 44.15067 | I12: =resultados!V12 -> 42.528284 | ... O12: =resultados!AB12 -> 0.83466198
A13: 12 | B13: =resultados!O13 -> 0.32457732 | C13: =resultados!P13 -> 2.3197001 | D13: =resultados!Q13 -> 3.3694347 | E13: =resultados!R13 -> 0.009647 | F13: =resultados!S13 -> 8.551854 | G13: =resultados!T13 -> 7.16565 | H13: =resultados!U13 -> 44.15067 | I13: =resultados!V13 -> 42.528284 | ... O13: =resultados!AB13 -> 0.51754436
... A21: 20 | B21: =resultados!O21 -> 0.4268516 | C21: =resultados!P21 -> 2.3606356 | D21: =resultados!Q21 -> 5.4145115 | E21: =resultados!R21 -> 0.009647 | F21: =resultados!S21 -> 8.551854 | G21: =resultados!T21 -> 7.16565 | H21: =resultados!U21 -> 44.15067 | I21: =resultados!V21 -> 42.528284 | ... O21: =resultados!AB21 -> 4.5117792
A23: Promedio | B23: =AVERAGE(B2:B21) -> 0.34640205 | C23: =AVERAGE(C2:C21) -> 2.1776035 | D23: =AVERAGE(D2:D21) -> 4.478514 | E23: =AVERAGE(E2:E21) -> 0.009647 | F23: =AVERAGE(F2:F21) -> 8.551854 | G23: =AVERAGE(G2:G21) -> 7.16565 | H23: =AVERAGE(H2:H21) -> 44.15067 | I23: =AVERAGE(I2:I21) -> 42.528284 | ... O23: =AVERAGE(O2:O21) -> 0.78720312
A24: Desv. Est. | B24: =STDEVA(B2:B21) -> 0.13185617 | C24: =STDEVA(C2:C21) -> 0.73586821 | D24: =STDEVA(D2:D21) -> 1.3833939 | E24: =STDEVA(E2:E21) -> 1.7797887e-18 | F24: =STDEVA(F2:F21) -> 0 | G24: =STDEVA(G2:G21) -> 9.1125183e-16 | H24: =STDEVA(H2:H21) -> 0 | I24: =STDEVA(I2:I21) -> 7.2900147e-15 | ... O24: =STDEVA(O2:O21) -> 0.88390444
